{
	"partitions" : [
		{
			"name" : "Top",
			"pins" : [
				{
					"name" : "q[0]",
					"strict" : false
				},
				{
					"name" : "q[1]",
					"strict" : false
				},
				{
					"name" : "q[2]",
					"strict" : false
				},
				{
					"name" : "q[3]",
					"strict" : false
				},
				{
					"name" : "q[4]",
					"strict" : false
				},
				{
					"name" : "q[5]",
					"strict" : false
				},
				{
					"name" : "q[6]",
					"strict" : false
				},
				{
					"name" : "q[7]",
					"strict" : false
				},
				{
					"name" : "a[2]",
					"strict" : false
				},
				{
					"name" : "a[3]",
					"strict" : false
				},
				{
					"name" : "a[1]",
					"strict" : false
				},
				{
					"name" : "a[0]",
					"strict" : false
				},
				{
					"name" : "a[4]",
					"strict" : false
				},
				{
					"name" : "a[5]",
					"strict" : false
				},
				{
					"name" : "a[6]",
					"strict" : false
				},
				{
					"name" : "d[0]",
					"strict" : false
				},
				{
					"name" : "clk",
					"strict" : false
				},
				{
					"name" : "we",
					"strict" : false
				},
				{
					"name" : "d[1]",
					"strict" : false
				},
				{
					"name" : "d[2]",
					"strict" : false
				},
				{
					"name" : "d[3]",
					"strict" : false
				},
				{
					"name" : "d[4]",
					"strict" : false
				},
				{
					"name" : "d[5]",
					"strict" : false
				},
				{
					"name" : "d[6]",
					"strict" : false
				},
				{
					"name" : "d[7]",
					"strict" : false
				}
			]
		}
	]
}